iso_alpha2,country_name,iso_alpha3,gender_Pay,population,Area_in_km2,continent,currency_code
AD,Andorra,AND,NULL,77006,468.0,EU,EUR
AE,"United Arab Emirates",ARE,0.712,9630959,82880.0,AS," AED"
AF,Afghanistan,AFG,0.405,37172386,647500.0,AS,AFN
AG,"Antigua and Barbuda",ATG,NULL,96286,443.0,NA," XCD"
AI,Anguilla,AIA,NULL,13254,102.0,NA,XCD
AL,Albania,ALB,0.791,2866376,28748.0,EU,ALL
AM,Armenia,ARM,0.721,2951776,29800.0,AS,AMD
AO,Angola,AGO,0.656,30809762,1246700.0,AF,AOA
AQ,Antarctica,ATA,NULL,0,14000000.0,AN,NULL
AR,Argentina,ARG,0.762,44494502,2766890.0,SA,ARS
AS,"American Samoa",ASM,NULL,55465,199.0,OC,USD
AT,Austria,AUT,0.74,8847037,83858.0,EU,EUR
AU,Australia,AUS,0.778,24992369,7686850.0,OC,AUD
AW,Aruba,ABW,NULL,105845,193.0,NA,AWG
AX,Åland,ALA,NULL,26711,1580.0,EU,EUR
AZ,Azerbaijan,AZE,0.692,9942334,86600.0,AS,AZN
BA,"Bosnia and Herzegovina",BIH,0.698,3323929,51129.0,EU,BAM
BB,Barbados,BRB,0.769,286641,431.0,NA,BBD
BD,Bangladesh,BGD,0.722,161356039,144000.0,AS,BDT
BE,Belgium,BEL,0.796,11422068,30510.0,EU,EUR
BF,"Burkina Faso",BFA,0.676,19751535,274200.0,AF," XOF"
BG,Bulgaria,BGR,0.715,7000039,110910.0,EU,BGN
BH,Bahrain,BHR,0.666,1569439,665.0,AS,BHD
BI,Burundi,BDI,0.763,11175378,27830.0,AF,BIF
BJ,Benin,BEN,0.616,11485048,112620.0,AF," XOF"
BL,"Saint Barthélemy",BLM,NULL,8450,21.0,NA,EUR
BM,Bermuda,BMU,NULL,63968,53.0,NA,BMD
BN,Brunei,BRN,0.693,428962,5770.0,AS,BND
BO,Bolivia,BOL,0.73,11353142,1098580.0,SA,BOB
BQ,"Bonaire, Sint Eustatius, and Saba",BES,NULL,18012,328.0,NA,USD
BR,Brazil,BRA,0.726,209469333,8511965.0,SA,BRL
BS,Bahamas,BHS,NULL,385640,13940.0,NA,BSD
BT,Bhutan,BTN,0.682,754394,47000.0,AS,BTN
BV,"Bouvet Island",BVT,NULL,0,49.0,AN,NOK
BW,Botswana,BWA,0.719,2254126,600370.0,AF,BWP
BY,Belarus,BLR,0.752,9485386,207600.0,EU,BYN
BZ,Belize,BLZ,0.696,383071,22966.0,NA,BZD
CA,Canada,CAN,0.77,37058856,9984670.0,NA,CAD
CC,"Cocos (Keeling) Islands",CCK,NULL,628,14.0,AS,AUD
CD,"DR Congo",COD,NULL,84068091,2345410.0,AF,CDF
CF,"Central African Republic",CAF,NULL,4666377,622984.0,AF,XAF
CG,"Congo Republic",COG,0.612,5244363,342000.0,AF,XAF
CH,Switzerland,CHE,0.783,8516543,41290.0,EU,CHF
CI,"Ivory Coast",CIV,NULL,25069229,322460.0,AF,XOF
CK,"Cook Islands",COK,NULL,21388,240.0,OC," NZD"
CL,Chile,CHL,0.777,18729160,756950.0,SA," CLP"
CM,Cameroon,CMR,0.693,25216237,475440.0,AF,XAF
CN,China,CHN,0.678,1411778724,9596960.0,AS," CNY"
CO,Colombia,COL,0.751,49648685,1138910.0,SA,COP
CR,"Costa Rica",CRI,0.793,4999441,51100.0,NA,CRC
CU,Cuba,CUB,NULL,11338138,110860.0,NA,CUP
CV,"Cabo Verde",CPV,0.761,543767,4033.0,AF,CVE
CW,Curaçao,CUW,NULL,159849,444.0,NA,ANG
CX,"Christmas Island",CXR,NULL,1500,135.0,OC,AUD
CY,Cyprus,CYP,0.678,1189265,9250.0,EU,EUR
CZ,Czechia,CZE,NULL,10625695,78866.0,EU,CZK
DE,Germany,DEU,0.815,82927922,357021.0,EU,EUR
DJ,Djibouti,DJI,NULL,958920,23000.0,AF,DJF
DK,Denmark,DNK,0.78,5797446,43094.0,EU,DKK
DM,Dominica,DMA,NULL,71625,754.0,NA,XCD
DO,"Dominican Republic",DOM,0.704,10627165,48730.0,NA,DOP
DZ,Algeria,DZA,0.573,42228429,2381740.0,AF,DZD
EC,Ecuador,ECU,0.737,17084357,283560.0,SA,USD
EE,Estonia,EST,0.782,1320884,45226.0,EU,EUR
EG,Egypt,EGY,0.626,98423595,1001450.0,AF,EGP
EH,"Western Sahara",ESH,NULL,273008,266000.0,AF,MAD
ER,Eritrea,ERI,NULL,6209262,121320.0,AF,ERN
ES,Spain,ESP,0.791,46723749,504782.0,EU,EUR
ET,Ethiopia,ETH,0.711,109224559,1127127.0,AF,ETB
FI,Finland,FIN,0.863,5518050,337030.0,EU,EUR
FJ,Fiji,FJI,0.65,883483,18270.0,OC,FJD
FK,"Falkland Islands",FLK,NULL,2638,12173.0,SA,FKP
FM,Micronesia,FSM,NULL,112640,702.0,OC,USD
FO,"Faroe Islands",FRO,NULL,48497,1399.0,EU,DKK
FR,France,FRA,0.756,66987244,547030.0,EU,EUR
GA,Gabon,GAB,NULL,2119275,267667.0,AF,XAF
GB,"United Kingdom",GBR,0.792,66488991,244820.0,EU,GBP
GD,Grenada,GRD,NULL,111454,344.0,NA,XCD
GE,Georgia,GEO,0.708,3731000,69700.0,AS,GEL
GF,"French Guiana",GUF,NULL,195506,91000.0,SA,EUR
GG,Guernsey,GGY,NULL,65228,78.0,EU,GBP
GH,Ghana,GHA,0.688,29767108,239460.0,AF,GHS
GI,Gibraltar,GIB,NULL,33718,6.5,EU,GIP
GL,Greenland,GRL,NULL,56025,2166086.0,NA,DKK
GM,"The Gambia",GMB,NULL,2280102,11300.0,AF,GMD
GN,Guinea,GIN,0.617,12414318,245857.0,AF,GNF
GP,Guadeloupe,GLP,NULL,443000,1780.0,NA,EUR
GQ,"Equatorial Guinea",GNQ,NULL,1308974,28051.0,AF,XAF
GR,Greece,GRC,0.693,10727668,131940.0,EU,EUR
GS,"South Georgia and South Sandwich Islands",SGS,NULL,30,3903.0,AN,GBP
GT,Guatemala,GTM,0.659,17247807,108890.0,NA,GTQ
GU,Guam,GUM,NULL,165768,549.0,OC,USD
GW,Guinea-Bissau,GNB,NULL,1874309,36120.0,AF,XOF
GY,Guyana,GUY,NULL,779004,214970.0,SA,GYD
HK,"Hong Kong",HKG,NULL,7451000,1092.0,AS,HKD
HM,"Heard and McDonald Islands",HMD,NULL,0,412.0,AN,AUD
HN,Honduras,HND,0.735,9587522,112090.0,NA,HNL
HR,Croatia,HRV,0.73,3871833,56542.0,EU,HRK
HT,Haiti,HTI,NULL,11123176,27750.0,NA,HTG
HU,Hungary,HUN,0.689,9768785,93030.0,EU,HUF
ID,Indonesia,IDN,0.697,267663435,1919440.0,AS,IDR
IE,Ireland,IRL,0.795,4853506,70280.0,EU,EUR
IL,Israel,ISR,0.701,8883800,20770.0,AS,ILS
IM,"Isle of Man",IMN,NULL,84077,572.0,EU,GBP
IN,India,IND,0.643,1352617328,3287590.0,AS,INR
IO,"British Indian Ocean Territory",IOT,NULL,4000,60.0,AS,USD
IQ,Iraq,IRQ,NULL,38433600,437072.0,AS,IQD
IR,Iran,IRN,NULL,81800269,1648000.0,AS,IRR
IS,Iceland,ISL,0.912,353574,103000.0,EU,ISK
IT,Italy,ITA,0.705,60431283,301230.0,EU,EUR
JE,Jersey,JEY,NULL,90812,116.0,EU,GBP
JM,Jamaica,JAM,0.779,2934855,10991.0,NA,JMD
JO,Jordan,JOR,0.646,9956011,92300.0,AS,JOD
JP,Japan,JPN,0.647,126529100,377835.0,AS,JPY
KE,Kenya,KEN,0.708,51393010,582650.0,AF,KES
KG,Kyrgyzstan,KGZ,0.7,6315800,198500.0,AS,KGS
KH,Cambodia,KHM,0.695,16249798,181040.0,AS,KHR
KI,Kiribati,KIR,NULL,115847,811.0,OC,AUD
KM,Comoros,COM,0.664,832322,2170.0,AF,KMF
KN,"St Kitts and Nevis",KNA,NULL,52441,261.0,NA,XCD
KP,"North Korea",PRK,NULL,25549819,120540.0,AS,KPW
KR,"South Korea",KOR,NULL,51635256,98480.0,AS,KRW
KW,Kuwait,KWT,0.651,4137309,17820.0,AS,KWD
KY,"Cayman Islands",CYM,NULL,64174,262.0,NA,KYD
KZ,Kazakhstan,KAZ,0.721,18276499,2717300.0,AS,KZT
LA,Laos,LAO,NULL,7061507,236800.0,AS,LAK
LB,Lebanon,LBN,0.628,6848925,10400.0,AS,LBP
LC,"Saint Lucia",LCA,NULL,181889,616.0,NA,XCD
LI,Liechtenstein,LIE,NULL,37910,160.0,EU,CHF
LK,"Sri Lanka",LKA,0.663,21670000,65610.0,AS,LKR
LR,Liberia,LBR,0.76,4818977,111370.0,AF,LR
LS,Lesotho,LSO,0.702,2108132,30355.0,AF,LSL
LT,Lithuania,LTU,0.8,2789533,65200.0,EU,EUR
LU,Luxembourg,LUX,0.747,607728,2586.0,EU,EUR
LV,Latvia,LVA,0.794,1926542,64589.0,EU,EUR
LY,Libya,LBY,NULL,6678567,1759540.0,AF,LYD
MA,Morocco,MAR,0.621,36029138,446550.0,AF,MAD
MC,Monaco,MCO,NULL,38682,1.9,EU,EUR
MD,Moldova,MDA,NULL,3545883,33843.0,EU,MDL
ME,Montenegro,MNE,0.714,622345,14026.0,EU,EUR
MF,"Saint Martin",MAF,NULL,37264,53.0,NA,EUR
MG,Madagascar,MDG,0.737,26262368,587040.0,AF,MGA
MH,"Marshall Islands",MHL,NULL,58413,181.3,OC," USD"
MK,"North Macedonia",MKD,0.711,2082958,25333.0,EU,MKD
ML,Mali,MLI,0.605,19077690,1240000.0,AF,XOF
MM,Myanmar,MMR,0.65,53708395,678500.0,AS,MMK
MN,Mongolia,MNG,0.704,3170208,1565000.0,AS,MNT
MO,Macao,MAC,NULL,631636,254.0,AS,MOP
MP,"Northern Mariana Islands",MNP,NULL,56882,477.0,OC,USD
MQ,Martinique,MTQ,NULL,432900,1100.0,NA,EUR
MR,Mauritania,MRT,NULL,4403319,1030700.0,AF,MRU
MS,Montserrat,MSR,NULL,9341,102.0,NA," XCD"
MT,Malta,MLT,0.713,483530,316.0,EU,EUR
MU,Mauritius,MUS,0.689,1265303,2040.0,AF,MUR
MV,Maldives,MDV,0.649,515696,300.0,AS,MVR
MW,Malawi,MWI,0.676,17563749,118480.0,AF,MWK
MX,Mexico,MEX,0.765,126190788,1972550.0,NA,MXN
MY,Malaysia,MYS,0.682,31528585,329750.0,AS,MYR
MZ,Mozambique,MOZ,0.778,29495962,801590.0,AF,MZN
NA,Namibia,NAM,0.802,2448255,825418.0,AF,NAD
NC,"New Caledonia",NCL,NULL,284060,19060.0,OC,XPF
NE,Niger,NER,0.622,22442948,1267000.0,AF,XOF
NF,"Norfolk Island",NFK,NULL,1828,34.6,OC,AUD
NG,Nigeria,NGA,0.637,195874740,923768.0,AF,NGN
NI,Nicaragua,NIC,0.811,6465513,129494.0,NA,NIO
NL,"The Netherlands",NLD,NULL,17231017,41526.0,EU,EUR
NO,Norway,NOR,0.879,5314336,324220.0,EU,NOK
NP,Nepal,NPL,0.659,28087871,140800.0,AS,NPR
NR,Nauru,NRU,NULL,12704,21.0,OC,AUD
NU,Niue,NIU,NULL,2166,260.0,OC,NZD
NZ,"New Zealand",NZL,0.856,4885500,268680.0,OC,NZD
OM,Oman,OMN,0.614,4829483,212460.0,AS,OMR
PA,Panama,PAN,0.724,4176873,78200.0,NA,USD
PE,Peru,PER,0.764,31989256,1285220.0,SA,PEN
PF,"French Polynesia",PYF,NULL,277679,4167.0,OC,XPF
PG,"Papua New Guinea",PNG,NULL,8606316,462840.0,OC,PGK
PH,Philippines,PHL,0.791,106651922,300000.0,AS,PHP
PK,Pakistan,PAK,0.575,212215030,803940.0,AS,PKR
PL,Poland,POL,0.722,37978548,312685.0,EU,PLN
PM,"Saint Pierre and Miquelon",SPM,NULL,7012,242.0,NA,EUR
PN,"Pitcairn Islands",PCN,NULL,46,47.0,OC,NZD
PR,"Puerto Rico",PRI,NULL,3195153,9104.0,NA,USD
PS,Palestine,PSE,NULL,4569087,5970.0,AS,ILS
PT,Portugal,PRT,0.765,10281762,92391.0,EU,EUR
PW,Palau,PLW,NULL,17907,458.0,OC,USD
PY,Paraguay,PRY,0.695,6956071,406750.0,SA,PYG
QA,Qatar,QAT,0.627,2781677,11437.0,AS,QAR
RE,Réunion,REU,NULL,776948,2517.0,AF,EUR
RO,Romania,ROU,0.697,19473936,237500.0,EU,RON
RS,Serbia,SRB,0.76,6982084,88361.0,EU,RSD
RU,Russia,RUS,NULL,144478050,17100000.0,EU,RUB
RW,Rwanda,RWA,0.794,12301939,26338.0,AF,RWF
SA,"Saudi Arabia",SAU,0.637,33699947,1960582.0,AS,SAR
SB,"Solomon Islands",SLB,NULL,652858,28450.0,OC,SBD
SC,Seychelles,SYC,NULL,96762,455.0,AF,SCR
SD,Sudan,SDN,NULL,41801533,1861484.0,AF,SDG
SE,Sweden,SWE,0.815,10183175,449964.0,EU,SEK
SG,Singapore,SGP,0.739,5638676,692.7,AS,SGD
SH,"Saint Helena",SHN,NULL,7460,410.0,AF,SHP
SI,Slovenia,SVN,0.773,2067372,20273.0,EU,EUR
SJ,"Svalbard and Jan Mayen",SJM,NULL,2550,62049.0,EU,NOK
SK,Slovakia,SVK,0.72,5447011,48845.0,EU,EUR
SL,"Sierra Leone",SLE,0.667,7650154,71740.0,AF,SLL
SM,"San Marino",SMR,NULL,33785,61.2,EU,EUR
SN,Senegal,SEN,0.68,15854360,196190.0,AF,XOF
SO,Somalia,SOM,NULL,15008154,637657.0,AF,SOS
SR,Suriname,SUR,0.736,575991,163270.0,SA,SRD
SS,"South Sudan",SSD,NULL,8260490,644329.0,AF,SSP
ST,"São Tomé and Príncipe",STP,NULL,197700,1001.0,AF,STN
SV,"El Salvador",SLV,0.714,6420744,21040.0,NA,USD
SX,"Sint Maarten",SXM,NULL,40654,21.0,NA,ANG
SY,Syria,SYR,NULL,16906283,185180.0,AS,SYP
SZ,Eswatini,SWZ,0.745,1136191,17363.0,AF,SZL
TC,"Turks and Caicos Islands",TCA,NULL,37665,430.0,NA,USD
TD,Chad,TCD,0.57,15477751,1284000.0,AF,XAF
TF,"French Southern Territories",ATF,NULL,140,7829.0,AN,EUR
TG,Togo,TGO,0.696,7889094,56785.0,AF,XOF
TH,Thailand,THA,0.711,69428524,514000.0,AS,THB
TJ,Tajikistan,TJK,0.672,9100837,143100.0,AS,TJS
TK,Tokelau,TKL,NULL,1466,10.0,OC,NZD
TL,Timor-Leste,TLS,0.693,1267972,15007.0,OC,USD
TM,Turkmenistan,TKM,NULL,5850908,488100.0,AS,TMT
TN,Tunisia,TUN,0.642,11565204,163610.0,AF,TND
TO,Tonga,TON,NULL,103197,748.0,OC,TOP
TR,Turkey,TUR,NULL,82319724,780580.0,AS,TRY
TT,"Trinidad and Tobago",TTO,NULL,1389858,5128.0,NA,TTD
TV,Tuvalu,TUV,NULL,11508,26.0,OC,AUD
TW,Taiwan,TWN,NULL,23451837,35980.0,AS,TWD
TZ,Tanzania,TZA,0.74,56318348,945087.0,AF,TZS
UA,Ukraine,UKR,0.714,44622516,603700.0,EU,UAH
UG,Uganda,UGA,0.706,42723139,236040.0,AF,UGX
UM,"U.S. Outlying Islands",UMI,NULL,0,0.0,OC,USD
US,"United States",USA,0.748,327167434,9629091.0,NA,USD
UY,Uruguay,URY,0.714,3449299,176220.0,SA,UYU
UZ,Uzbekistan,UZB,NULL,32955400,447400.0,AS,UZS
VA,"Vatican City",VAT,NULL,921,0.4,EU,EUR
VC,"St Vincent and Grenadines",VCT,NULL,110211,389.0,NA,XCD
VE,Venezuela,VEN,NULL,28870195,912050.0,SA,VES
VG,"British Virgin Islands",VGB,NULL,29802,153.0,NA,USD
VI,"U.S. Virgin Islands",VIR,NULL,106977,352.0,NA,USD
VN,Vietnam,VNM,NULL,95540395,329560.0,AS,VND
VU,Vanuatu,VUT,0.678,292680,12200.0,OC,VUV
WF,"Wallis and Futuna",WLF,NULL,16025,274.0,OC," XPF"
WS,Samoa,WSM,NULL,196130,2944.0,OC,WST
XK,Kosovo,XKX,NULL,1845300,10908.0,EU,EUR
YE,Yemen,YEM,NULL,28498687,527970.0,AS,YER
YT,Mayotte,MYT,NULL,279471,374.0,AF,EUR
ZA,"South Africa",ZAF,0.787,57779622,1219912.0,AF,ZAR
ZM,Zambia,ZMB,0.699,17351822,752614.0,AF,ZMW
ZW,Zimbabwe,ZWE,0.746,14439018,390580.0,AF,ZWL
